model,BLEU,METEOR
opus-mt_ft_test,85.90260672598048,0.9503619422334246
flan-t5_ft_test,63.42351551786701,0.8427751335373508
opus-mt_base_test,34.93373150500979,0.683792582781495
flan-t5_base_test,20.85597372192772,0.5585282095279999
